<!--logFlag is an Enumeration of HEADER_ONLY, HEADER_AND_PAYLOAD, NO_LOG-->
<lc:logConfig layer="ALSB" xmlns:lc="http://soa.o2.co.uk/config/LogConfig">
   <lc:service name="ManageOrder_2_0">
      <lc:operation name="getOrderList">
         <lc:eventConfig>
            <lc:eventList>
               <event>ENTRY</event>
               <event>EXIT</event>
               <event>BRANCH</event>
               <event>OUTBOUND</event>
               <event>INBOUND</event>
               <event>OTHER</event>
            </lc:eventList>
            <lc:logFlag>HEADER_ONLY</lc:logFlag>
         </lc:eventConfig>
         <lc:eventConfig>
            <lc:eventList>
               <event>BEGIN</event>
               <event>END</event>
            </lc:eventList>
            <lc:logFlag>HEADER_AND_PAYLOAD</lc:logFlag>
         </lc:eventConfig>
      </lc:operation>
      <lc:operation name="getOrderDetails">
         <lc:eventConfig>
            <lc:eventList>
               <event>ENTRY</event>
               <event>EXIT</event>
               <event>BRANCH</event>
               <event>OUTBOUND</event>
               <event>INBOUND</event>
               <event>OTHER</event>
            </lc:eventList>
            <lc:logFlag>HEADER_ONLY</lc:logFlag>
         </lc:eventConfig>
         <lc:eventConfig>
            <lc:eventList>
               <event>BEGIN</event>
               <event>END</event>
            </lc:eventList>
            <lc:logFlag>HEADER_AND_PAYLOAD</lc:logFlag>
         </lc:eventConfig>
      </lc:operation>
      <lc:operation name="submitOrder">
         <lc:eventConfig>
            <lc:eventList>
               <event>ENTRY</event>
               <event>EXIT</event>
               <event>BRANCH</event>
               <event>OUTBOUND</event>
               <event>INBOUND</event>
               <event>OTHER</event>
            </lc:eventList>
            <lc:logFlag>HEADER_ONLY</lc:logFlag>
         </lc:eventConfig>
         <lc:eventConfig>
            <lc:eventList>
               <event>BEGIN</event>
               <event>END</event>
            </lc:eventList>
            <lc:logFlag>HEADER_AND_PAYLOAD</lc:logFlag>
         </lc:eventConfig>
         <lc:maskingDetails>
            <lc:maskedDataElement>
               <lc:namespaceInfo>
                  <lc:prefix>mod</lc:prefix>
                  <lc:namespace>http://soa.o2.co.uk/manageorderdata_2</lc:namespace>
               </lc:namespaceInfo>
               <lc:maskedDataPath>mod:submitOrder/mod:partySet/mod:existingParty/mod:existingDetails/mod:commonRegistryUserPassword</lc:maskedDataPath>
               <lc:maskedDataRegex>(.*)</lc:maskedDataRegex>
            </lc:maskedDataElement>
            <lc:maskedDataElement>
               <lc:namespaceInfo>
                  <lc:prefix>mod</lc:prefix>
                  <lc:namespace>http://soa.o2.co.uk/submitinstallorderdata_1</lc:namespace>
               </lc:namespaceInfo>
               <lc:maskedDataPath>mod:submitInstallOrder/mod:partySet/mod:existingParty/mod:existingDetails/mod:commonRegistryUserPassword</lc:maskedDataPath>
               <lc:maskedDataRegex>(.*)</lc:maskedDataRegex>
            </lc:maskedDataElement>
         </lc:maskingDetails>
      </lc:operation>
      <lc:operation name="validateOrder">
         <lc:eventConfig>
            <lc:eventList>
               <event>ENTRY</event>
               <event>EXIT</event>
               <event>BRANCH</event>
               <event>OUTBOUND</event>
               <event>INBOUND</event>
               <event>OTHER</event>
            </lc:eventList>
            <lc:logFlag>HEADER_ONLY</lc:logFlag>
         </lc:eventConfig>
         <lc:eventConfig>
            <lc:eventList>
               <event>BEGIN</event>
               <event>END</event>
            </lc:eventList>
            <lc:logFlag>HEADER_AND_PAYLOAD</lc:logFlag>
         </lc:eventConfig>
         <lc:maskingDetails>
            <lc:maskedDataElement>
               <lc:namespaceInfo>
                  <lc:prefix>mod</lc:prefix>
                  <lc:namespace>http://soa.o2.co.uk/manageorderdata_2</lc:namespace>
               </lc:namespaceInfo>
               <lc:maskedDataPath>mod:validateOrder/mod:partySet/mod:existingParty/mod:existingDetails/mod:commonRegistryUserPassword</lc:maskedDataPath>
               <lc:maskedDataRegex>(.*)</lc:maskedDataRegex>
            </lc:maskedDataElement>
         </lc:maskingDetails>
      </lc:operation>
      <lc:operation name="getOrderList_2">
         <lc:eventConfig>
            <lc:eventList>
               <event>ENTRY</event>
               <event>EXIT</event>
               <event>BRANCH</event>
               <event>OUTBOUND</event>
               <event>INBOUND</event>
               <event>OTHER</event>
            </lc:eventList>
            <lc:logFlag>HEADER_ONLY</lc:logFlag>
         </lc:eventConfig>
         <lc:eventConfig>
            <lc:eventList>
               <event>BEGIN</event>
               <event>END</event>
            </lc:eventList>
            <lc:logFlag>HEADER_AND_PAYLOAD</lc:logFlag>
         </lc:eventConfig>
      </lc:operation>
      <lc:operation name="getOrderDetails_2">
         <lc:eventConfig>
            <lc:eventList>
               <event>ENTRY</event>
               <event>EXIT</event>
               <event>BRANCH</event>
               <event>OUTBOUND</event>
               <event>INBOUND</event>
               <event>OTHER</event>
            </lc:eventList>
            <lc:logFlag>HEADER_ONLY</lc:logFlag>
         </lc:eventConfig>
         <lc:eventConfig>
            <lc:eventList>
               <event>BEGIN</event>
               <event>END</event>
            </lc:eventList>
            <lc:logFlag>HEADER_AND_PAYLOAD</lc:logFlag>
         </lc:eventConfig>
      </lc:operation>
      <lc:operation name="submitUpgradeOrder_1">
         <lc:eventConfig>
            <lc:eventList>
               <event>ENTRY</event>
               <event>EXIT</event>
               <event>BRANCH</event>
               <event>OUTBOUND</event>
               <event>INBOUND</event>
               <event>OTHER</event>
            </lc:eventList>
            <lc:logFlag>HEADER_ONLY</lc:logFlag>
         </lc:eventConfig>
         <lc:eventConfig>
            <lc:eventList>
               <event>BEGIN</event>
               <event>END</event>
            </lc:eventList>
            <lc:logFlag>HEADER_AND_PAYLOAD</lc:logFlag>
         </lc:eventConfig>
         <lc:faultLoggingDetails>
            <lc:faultDataElement>
               <lc:namespaceInfo>
                  <lc:prefix>wmqi</lc:prefix>
                  <lc:namespace>http://WMQIServices.eai.o2c.ibm.com</lc:namespace>
               </lc:namespaceInfo>
               <lc:namespaceInfo>
                  <lc:prefix>cs</lc:prefix>
                  <lc:namespace>http://companion.eai.o2c.ibm.com</lc:namespace>
               </lc:namespaceInfo>
               <lc:faultLoggingPath>wmqi:companionMessage/cs:errorReport</lc:faultLoggingPath>
            </lc:faultDataElement>
         </lc:faultLoggingDetails>
		 <lc:maskingDetails>
            <lc:maskedDataElement>
               <lc:namespaceInfo>
                  <lc:prefix>man</lc:prefix>
                  <lc:namespace>http://soa.o2.co.uk/manageorderdata_2</lc:namespace>
               </lc:namespaceInfo>
               <lc:maskedDataPath>man:submitUpgradeOrder_1/man:initialPaymentDetails/man:paymentThroughCard/man:cardDetails/man:postCode</lc:maskedDataPath>
               <lc:maskedDataRegex>(.*)</lc:maskedDataRegex>
            </lc:maskedDataElement>
			<lc:maskedDataElement>
               <lc:namespaceInfo>
                  <lc:prefix>wmq</lc:prefix>
                  <lc:namespace>http://WMQIServices.eai.o2c.ibm.com</lc:namespace>
               </lc:namespaceInfo>
			    <lc:namespaceInfo>
                  <lc:prefix>com</lc:prefix>
                  <lc:namespace>http://companion.eai.o2c.ibm.com</lc:namespace>
               </lc:namespaceInfo>
               <lc:maskedDataPath>wmq:companionMessage/wmq:utilSubmitUpgradeOrder/wmq:upgradeInitialPaymentDetails/wmq:initialPaymentDetailsForUpgradeUsingCard/wmq:upgradeOrderCardDetails/com:postcode</lc:maskedDataPath>
               <lc:maskedDataRegex>(.*)</lc:maskedDataRegex>
            </lc:maskedDataElement>
          </lc:maskingDetails>
      </lc:operation>
      <lc:operation name="getDeliveryOptions_1">
         <lc:eventConfig>
            <lc:eventList>
               <event>ENTRY</event>
               <event>EXIT</event>
               <event>BRANCH</event>
               <event>OUTBOUND</event>
               <event>INBOUND</event>
               <event>OTHER</event>
            </lc:eventList>
            <lc:logFlag>HEADER_ONLY</lc:logFlag>
         </lc:eventConfig>
         <lc:eventConfig>
            <lc:eventList>
               <event>BEGIN</event>
               <event>END</event>
            </lc:eventList>
            <lc:logFlag>HEADER_AND_PAYLOAD</lc:logFlag>
         </lc:eventConfig>
         <lc:faultLoggingDetails>
            <lc:faultDataElement>
               <lc:namespaceInfo>
                  <lc:prefix>wmqi</lc:prefix>
                  <lc:namespace>http://WMQIServices.eai.o2c.ibm.com</lc:namespace>
               </lc:namespaceInfo>
               <lc:namespaceInfo>
                  <lc:prefix>cs</lc:prefix>
                  <lc:namespace>http://companion.eai.o2c.ibm.com</lc:namespace>
               </lc:namespaceInfo>
               <lc:faultLoggingPath>wmqi:companionMessage/cs:errorReport</lc:faultLoggingPath>
            </lc:faultDataElement>
         </lc:faultLoggingDetails>
      </lc:operation>
      <lc:operation name="setConsignmentStateInOrder_1">
         <lc:eventConfig>
            <lc:eventList>
               <event>ENTRY</event>
               <event>EXIT</event>
               <event>BRANCH</event>
               <event>OUTBOUND</event>
               <event>INBOUND</event>
               <event>OTHER</event>
            </lc:eventList>
            <lc:logFlag>HEADER_ONLY</lc:logFlag>
         </lc:eventConfig>
         <lc:eventConfig>
            <lc:eventList>
               <event>BEGIN</event>
               <event>END</event>
            </lc:eventList>
            <lc:logFlag>HEADER_AND_PAYLOAD</lc:logFlag>
         </lc:eventConfig>
		 <lc:faultLoggingDetails>
			<lc:faultDataElement>	
				<lc:namespaceInfo>
					<lc:prefix>mq</lc:prefix>
					<lc:namespace>http://WMQIServices.eai.o2c.ibm.com</lc:namespace> 
				</lc:namespaceInfo>	
				<lc:namespaceInfo>
					<lc:prefix>cs</lc:prefix>
					<lc:namespace>http://companion.eai.o2c.ibm.com</lc:namespace> 
				</lc:namespaceInfo>							
				<lc:faultLoggingPath>mq:companionMessage/cs:errorReport</lc:faultLoggingPath>
			</lc:faultDataElement>
		</lc:faultLoggingDetails>	
      </lc:operation>  
	   <lc:operation name="getConsignmentDetails_1">
         <lc:eventConfig>
            <lc:eventList>
               <event>ENTRY</event>
               <event>EXIT</event>
               <event>BRANCH</event>
               <event>OUTBOUND</event>
               <event>INBOUND</event>
               <event>OTHER</event>
            </lc:eventList>
            <lc:logFlag>HEADER_ONLY</lc:logFlag>
         </lc:eventConfig>
         <lc:eventConfig>
            <lc:eventList>
               <event>BEGIN</event>
               <event>END</event>
            </lc:eventList>
            <lc:logFlag>HEADER_AND_PAYLOAD</lc:logFlag>
         </lc:eventConfig>
		 <lc:faultLoggingDetails>
			<lc:faultDataElement>	
				<lc:namespaceInfo>
					<lc:prefix>mq</lc:prefix>
					<lc:namespace>http://WMQIServices.eai.o2c.ibm.com</lc:namespace> 
				</lc:namespaceInfo>	
				<lc:namespaceInfo>
					<lc:prefix>cs</lc:prefix>
					<lc:namespace>http://companion.eai.o2c.ibm.com</lc:namespace> 
				</lc:namespaceInfo>							
				<lc:faultLoggingPath>mq:companionMessage/cs:errorReport</lc:faultLoggingPath>
			</lc:faultDataElement>
		</lc:faultLoggingDetails>	
      </lc:operation>
	  <lc:operation name="confirmOrderPayment_1">
         <lc:eventConfig>
            <lc:eventList>
               <event>ENTRY</event>
               <event>EXIT</event>
               <event>BRANCH</event>
               <event>OUTBOUND</event>
               <event>INBOUND</event>
               <event>OTHER</event>
            </lc:eventList>
            <lc:logFlag>HEADER_ONLY</lc:logFlag>
         </lc:eventConfig>
         <lc:eventConfig>
            <lc:eventList>
               <event>BEGIN</event>
               <event>END</event>
            </lc:eventList>
            <lc:logFlag>HEADER_AND_PAYLOAD</lc:logFlag>
         </lc:eventConfig>
      </lc:operation>
	  <lc:operation name="getOrderList_3">
	    <lc:eventConfig>
            <lc:eventList>
               <event>ENTRY</event>
               <event>EXIT</event>
               <event>BRANCH</event>
               <event>OUTBOUND</event>
               <event>INBOUND</event>
               <event>OTHER</event>
            </lc:eventList>
            <lc:logFlag>HEADER_ONLY</lc:logFlag>
         </lc:eventConfig>
         <lc:eventConfig>
            <lc:eventList>
               <event>BEGIN</event>
               <event>END</event>
            </lc:eventList>
            <lc:logFlag>HEADER_AND_PAYLOAD</lc:logFlag>
         </lc:eventConfig>
	  </lc:operation>
	   <lc:operation name="updateOrderCollectionStatus">
	      <lc:eventConfig>
            <lc:eventList>
               <event>ENTRY</event>
               <event>EXIT</event>
               <event>BRANCH</event>
               <event>OUTBOUND</event>
               <event>INBOUND</event>
               <event>OTHER</event>
            </lc:eventList>
            <lc:logFlag>HEADER_ONLY</lc:logFlag>
         </lc:eventConfig>
		 
		 <lc:eventConfig>
            <lc:eventList>
               <event>BEGIN</event>
               <event>END</event>
            </lc:eventList>
            <lc:logFlag>HEADER_AND_PAYLOAD</lc:logFlag>
         </lc:eventConfig>
	   </lc:operation>
	   <lc:operation name="getOrderDetails_3">
	   <lc:eventConfig>
            <lc:eventList>
               <event>ENTRY</event>
               <event>EXIT</event>
               <event>BRANCH</event>
               <event>OUTBOUND</event>
               <event>INBOUND</event>
               <event>OTHER</event>
            </lc:eventList>
            <lc:logFlag>HEADER_ONLY</lc:logFlag>
         </lc:eventConfig>
		 <lc:eventConfig>
            <lc:eventList>
               <event>BEGIN</event>
               <event>END</event>
            </lc:eventList>
            <lc:logFlag>HEADER_AND_PAYLOAD</lc:logFlag>
         </lc:eventConfig>
		 <lc:maskingDetails>
            <lc:maskedDataElement>
               <lc:namespaceInfo>
                  <lc:prefix>wmqi</lc:prefix>
                  <lc:namespace>http://WMQIServices.eai.o2c.ibm.com</lc:namespace>
               </lc:namespaceInfo>
			   <lc:namespaceInfo>
                  <lc:prefix>cs</lc:prefix>
                  <lc:namespace>http://companion.eai.o2c.ibm.com</lc:namespace>
               </lc:namespaceInfo>
               <lc:maskedDataPath>wmqi:companionMessage/wmqi:utilGetOrderDetailsV5Resp/wmqi:uGODV5_InitialPaymentDetails/wmqi:uGODV5_CardDetails/cs:cardNumber</lc:maskedDataPath>
               <lc:maskedDataRegex>(.*)</lc:maskedDataRegex>
            </lc:maskedDataElement>
        </lc:maskingDetails>
	</lc:operation>
	<lc:operation name="getOrderSummary_1">
	      <lc:eventConfig>
            <lc:eventList>
               <event>ENTRY</event>
               <event>EXIT</event>
               <event>BRANCH</event>
               <event>OUTBOUND</event>
               <event>INBOUND</event>
               <event>OTHER</event>
            </lc:eventList>
            <lc:logFlag>HEADER_ONLY</lc:logFlag>
         </lc:eventConfig>
		 
		 <lc:eventConfig>
            <lc:eventList>
               <event>BEGIN</event>
               <event>END</event>
            </lc:eventList>
            <lc:logFlag>HEADER_AND_PAYLOAD</lc:logFlag>
         </lc:eventConfig>
	   </lc:operation>
   </lc:service>
</lc:logConfig>